gameId,gameName,status,gameSize,gameLength,lastTick,weatherLocation,weatherDate,DOI,logUrl,CrocodileAgent,AgentUDE,SPOT,maxon17,COLDPower17,VidyutVanika,ewiBroker,fimtac
1,finals_2017_06_1,game_complete,8,1412,1411,cheyenne,2013-06-23,http://dx.doi.org/10.5281/zenodo.818816,https://zenodo.org/record/818816/files/finals_2017_06_1.tar.gz,-4069230.295015,-123061.619748,-108192.145547,0.000000,-124800.209220,-17675.266295,-488694.698060,-4752.698811
2,finals_2017_06_2,game_complete,8,1364,1363,cheyenne,2014-07-22,http://dx.doi.org/10.5281/zenodo.818818,https://zenodo.org/record/818818/files/finals_2017_06_2.tar.gz,-4269708.547287,-38537.600386,-60225.340354,-1651546.465197,-240688.400457,-596975.388983,-48490.282576,-2600.332109
3,finals_2017_06_3,game_complete,8,1459,1457,cheyenne,2014-05-03,http://dx.doi.org/10.5281/zenodo.818820,https://zenodo.org/record/818820/files/finals_2017_06_3.tar.gz,-1755854.893453,95177.306688,-108809.138023,0.000000,-198768.787126,82376.776713,-987205.676488,-3764.914624
4,finals_2017_06_4,game_complete,8,1563,1561,cheyenne,2014-02-10,http://dx.doi.org/10.5281/zenodo.818822,https://zenodo.org/record/818822/files/finals_2017_06_4.tar.gz,-3316641.383394,24940.941159,-100649.032248,-2728668.040797,-44927.406761,-527141.637600,-88144.317841,-5177.090874
5,finals_2017_06_5,game_complete,8,1380,1379,cheyenne,2014-05-23,http://dx.doi.org/10.5281/zenodo.818824,https://zenodo.org/record/818824/files/finals_2017_06_5.tar.gz,-4021717.398662,42413.883793,-161514.748313,0.000000,-399421.694517,43985.702361,-563386.852338,-4034.576542
6,finals_2017_06_6,game_complete,8,1460,1459,cheyenne,2013-10-20,http://dx.doi.org/10.5281/zenodo.818826,https://zenodo.org/record/818826/files/finals_2017_06_6.tar.gz,-6242029.746928,68535.644810,-72394.910628,-1788356.765149,-56412.055114,-52224.629968,-118959.261004,-3128.210903
7,finals_2017_06_7,game_complete,8,1535,1534,cheyenne,2014-06-27,http://dx.doi.org/10.5281/zenodo.818828,https://zenodo.org/record/818828/files/finals_2017_06_7.tar.gz,-4770502.797662,-933.134702,-194510.952380,0.000000,-720937.603520,-424782.903648,-352627.422952,1705.447330
8,finals_2017_06_8,game_complete,8,1569,1568,cheyenne,2013-09-19,http://dx.doi.org/10.5281/zenodo.818830,https://zenodo.org/record/818830/files/finals_2017_06_8.tar.gz,-8043099.964409,-62706.568859,-149307.525753,-2052952.885000,-68256.291459,-162296.152729,-138088.144080,-50807.186206
9,finals_2017_06_9,game_complete,8,1333,1331,cheyenne,2013-11-30,http://dx.doi.org/10.5281/zenodo.818832,https://zenodo.org/record/818832/files/finals_2017_06_9.tar.gz,-1406529.325951,120216.241413,-29521.637004,0.000000,-1515259.638787,12398.670525,-1484258.659807,-25210.906242
10,finals_2017_06_10,game_complete,8,1337,1335,cheyenne,2013-12-13,http://dx.doi.org/10.5281/zenodo.818834,https://zenodo.org/record/818834/files/finals_2017_06_10.tar.gz,-3898645.402679,-38088.517616,-47252.491813,-1548143.691958,-702265.606934,2761.132687,-89235.444999,-2116.524299
11,finals_2017_06_11,game_complete,8,1375,1374,cheyenne,2014-02-19,http://dx.doi.org/10.5281/zenodo.818836,https://zenodo.org/record/818836/files/finals_2017_06_11.tar.gz,-2571079.173350,-13917.092003,-93043.633267,0.000000,-498436.453272,25378.755249,-1241035.637028,-5284.706153
12,finals_2017_06_12,game_complete,8,1376,1374,cheyenne,2013-08-18,http://dx.doi.org/10.5281/zenodo.818838,https://zenodo.org/record/818838/files/finals_2017_06_12.tar.gz,-6110018.315384,-109901.457833,-137262.319766,-1644099.936913,-197802.917032,-810197.057981,-174701.614241,-7874.933970
13,finals_2017_06_13,game_complete,8,1469,1468,cheyenne,2014-10-26,http://dx.doi.org/10.5281/zenodo.818842,https://zenodo.org/record/818842/files/finals_2017_06_13.tar.gz,-5656094.042012,-49942.177504,-77970.257182,0.000000,-1875047.403520,-458840.793779,-375115.279848,-9872.339788
14,finals_2017_06_14,game_complete,8,1445,1444,cheyenne,2014-12-11,http://dx.doi.org/10.5281/zenodo.818844,https://zenodo.org/record/818844/files/finals_2017_06_14.tar.gz,-3379146.628640,-5027.462655,-748842.599018,-1932384.914523,-357261.429836,-160530.628182,-119229.256080,-6037.252722
15,finals_2017_06_15,game_complete,8,1423,1422,cheyenne,2013-04-07,http://dx.doi.org/10.5281/zenodo.818846,https://zenodo.org/record/818846/files/finals_2017_06_15.tar.gz,742712.434653,366251.006239,-110416.847927,0.000000,0.000000,660.972829,-1627659.154349,-474531.927584
16,finals_2017_06_16,game_complete,8,1379,1377,cheyenne,2014-03-14,http://dx.doi.org/10.5281/zenodo.818848,https://zenodo.org/record/818848/files/finals_2017_06_16.tar.gz,-2538055.214943,212476.773736,-66157.160447,-1817182.090085,0.000000,-388812.193675,-79529.455268,-22242.208073
17,finals_2017_06_17,game_complete,8,1414,1413,cheyenne,2013-08-11,http://dx.doi.org/10.5281/zenodo.818850,https://zenodo.org/record/818850/files/finals_2017_06_17.tar.gz,-4675541.595523,-410167.119821,-89689.763350,-1746588.153315,-1347510.325115,-308152.293466,-58208.237883,-9230.999654
18,finals_2017_06_18,game_complete,8,1409,1408,cheyenne,2013-07-11,http://dx.doi.org/10.5281/zenodo.818862,https://zenodo.org/record/818862/files/finals_2017_06_18.tar.gz,-3872953.462666,186839.529888,-123594.480627,-1758853.693198,-152102.353355,-533880.016120,-113522.969168,-6629.411597
19,finals_2017_06_19,game_complete,8,1465,1464,cheyenne,2013-09-16,http://dx.doi.org/10.5281/zenodo.818864,https://zenodo.org/record/818864/files/finals_2017_06_19.tar.gz,-5724939.443647,-222264.855317,-201739.633297,-175425.193629,-1309504.614317,9358.051483,-873589.398953,-13333.779883
20,finals_2017_06_20,game_complete,8,1479,1477,cheyenne,2014-12-04,http://dx.doi.org/10.5281/zenodo.818866,https://zenodo.org/record/818866/files/finals_2017_06_20.tar.gz,-3749569.807485,-485658.880397,-159100.410349,-1932704.727076,-79004.946624,1358.405500,-133790.663882,-4283.701065
21,finals_2017_06_21,game_complete,8,1521,1520,cheyenne,2014-05-20,http://dx.doi.org/10.5281/zenodo.818868,https://zenodo.org/record/818868/files/finals_2017_06_21.tar.gz,-4094407.160331,41015.993970,-220651.915940,-2459056.563333,-879055.077936,-125965.427124,-287712.476835,-8337.703158
22,finals_2017_06_22,game_complete,8,1321,1319,cheyenne,2014-05-29,http://dx.doi.org/10.5281/zenodo.818870,https://zenodo.org/record/818870/files/finals_2017_06_22.tar.gz,-2567612.386519,15015.342534,-93706.613446,-31323.629690,-336182.871198,-93572.452910,-634073.190440,-4109.117851
23,finals_2017_06_23,game_complete,8,1417,1416,cheyenne,2014-07-29,http://dx.doi.org/10.5281/zenodo.818872,https://zenodo.org/record/818872/files/finals_2017_06_23.tar.gz,-3430328.182385,-14984.122432,-150194.862188,-1677199.275603,-1638043.328347,-193110.310211,-110191.675110,-9045.476388
24,finals_2017_06_24,game_complete,8,1330,1329,cheyenne,2014-10-12,http://dx.doi.org/10.5281/zenodo.818874,https://zenodo.org/record/818874/files/finals_2017_06_24.tar.gz,-6950237.643763,-45004.970509,-143578.728975,-1665305.284374,-215712.844954,-185010.898915,-190464.595261,-13769.453000
25,finals_2017_06_25,game_complete,8,1604,1603,cheyenne,2014-05-17,http://dx.doi.org/10.5281/zenodo.818876,https://zenodo.org/record/818876/files/finals_2017_06_25.tar.gz,-3622525.223384,-8759.818764,-192794.762808,-96802.636322,-790005.444307,-8871.973654,-775243.754042,-8010.903033
26,finals_2017_06_26,game_complete,8,1525,1524,cheyenne,2013-09-20,http://dx.doi.org/10.5281/zenodo.818878,https://zenodo.org/record/818878/files/finals_2017_06_26.tar.gz,-8226357.471576,-10054.621132,-94751.938736,-2005324.408274,-124625.068752,-1171234.716203,-137546.703071,-1709.014836
27,finals_2017_06_27,game_complete,8,1505,1504,cheyenne,2014-12-27,http://dx.doi.org/10.5281/zenodo.818880,https://zenodo.org/record/818880/files/finals_2017_06_27.tar.gz,-5200181.903748,-505025.879760,-1500925.627770,-2087499.979026,-600801.545344,-11377.403275,-124162.713230,-1297597.442610
28,finals_2017_06_28,game_complete,8,1525,1524,cheyenne,2014-10-17,http://dx.doi.org/10.5281/zenodo.818882,https://zenodo.org/record/818882/files/finals_2017_06_28.tar.gz,-7030896.296727,-675883.161415,-1731032.959132,-1159709.508719,-298907.271801,6079.565337,-117244.624160,-7609.401292
29,finals_2017_06_29,game_complete,8,1568,1567,cheyenne,2013-06-02,http://dx.doi.org/10.5281/zenodo.818884,https://zenodo.org/record/818884/files/finals_2017_06_29.tar.gz,-4801153.302037,-255959.651186,-261310.098790,-1589842.798491,-1564458.785099,-1115.915791,-150438.771308,-10030.824513
30,finals_2017_06_30,game_complete,8,1326,1325,cheyenne,2014-11-12,http://dx.doi.org/10.5281/zenodo.818886,https://zenodo.org/record/818886/files/finals_2017_06_30.tar.gz,-2363194.661868,-207096.170636,-661639.006189,-1926194.020729,-215373.768229,-188.883034,-209679.477789,-533104.149352
31,finals_2017_06_31,game_complete,8,1363,1362,cheyenne,2013-09-02,http://dx.doi.org/10.5281/zenodo.818888,https://zenodo.org/record/818888/files/finals_2017_06_31.tar.gz,-7232946.635809,-171521.869109,-654958.435055,-1609849.938779,-130883.208277,-562788.017328,-138340.765751,-4288.651671
32,finals_2017_06_32,game_complete,8,1327,1326,cheyenne,2013-05-16,http://dx.doi.org/10.5281/zenodo.818890,https://zenodo.org/record/818890/files/finals_2017_06_32.tar.gz,-1930995.035247,87392.635317,-632618.080129,-1845165.579306,-105880.112358,-70658.029766,-143243.035112,5241.667170
33,finals_2017_06_33,game_complete,8,1384,1383,cheyenne,2014-03-30,http://dx.doi.org/10.5281/zenodo.818892,https://zenodo.org/record/818892/files/finals_2017_06_33.tar.gz,-3064421.944389,43728.725013,-74106.994138,-106512.518917,-182761.358172,8535.157288,-1037460.295827,-76888.378036
34,finals_2017_06_34,game_complete,8,1445,1444,cheyenne,2014-12-30,http://dx.doi.org/10.5281/zenodo.818894,https://zenodo.org/record/818894/files/finals_2017_06_34.tar.gz,-2700749.264656,-108177.730229,-78231.764714,0.000000,-367277.755418,4658.382473,-1567114.248762,-1764.980704
35,finals_2017_06_35,game_complete,8,1463,1462,cheyenne,2014-06-24,http://dx.doi.org/10.5281/zenodo.818896,https://zenodo.org/record/818896/files/finals_2017_06_35.tar.gz,-3982420.995522,-84302.625752,-203062.362255,-265116.500572,-133730.697882,-10939.078055,-604872.482573,-13950.308541
36,finals_2017_06_36,game_complete,8,1366,1365,cheyenne,2014-12-13,http://dx.doi.org/10.5281/zenodo.818898,https://zenodo.org/record/818898/files/finals_2017_06_36.tar.gz,-2902075.078315,-50168.364734,-79182.392508,-76991.597957,-261290.066058,27346.118970,-1365145.659783,-6971.134736
37,finals_2017_06_37,game_complete,8,1452,1451,cheyenne,2014-03-17,http://dx.doi.org/10.5281/zenodo.818904,https://zenodo.org/record/818904/files/finals_2017_06_37.tar.gz,-2660070.854678,-94490.813351,-206655.511183,0.000000,-817006.040265,1082.713486,-1398784.317243,16711.488813
38,finals_2017_06_38,game_complete,8,1405,1404,cheyenne,2014-06-11,http://dx.doi.org/10.5281/zenodo.818906,https://zenodo.org/record/818906/files/finals_2017_06_38.tar.gz,-3918306.355965,44956.845935,-44799.697773,0.000000,-542998.669702,73150.098896,-752074.663357,-8417.365213
39,finals_2017_06_39,game_complete,8,1338,1336,cheyenne,2014-03-26,http://dx.doi.org/10.5281/zenodo.818908,https://zenodo.org/record/818908/files/finals_2017_06_39.tar.gz,-3068496.771549,-80754.119872,-157243.399681,0.000000,-211101.847138,5199.078987,-1137300.884548,-3229.305233
40,finals_2017_06_40,game_complete,8,1522,1521,cheyenne,2013-07-23,http://dx.doi.org/10.5281/zenodo.818910,https://zenodo.org/record/818910/files/finals_2017_06_40.tar.gz,-5148602.950728,-84995.060291,-150527.238008,0.000000,-1208610.514462,433148.546623,-643355.239911,-7658.011814
41,finals_2017_06_41,game_complete,8,1478,1477,cheyenne,2014-01-10,http://dx.doi.org/10.5281/zenodo.818912,https://zenodo.org/record/818912/files/finals_2017_06_41.tar.gz,-4146467.942069,-72825.636235,-124091.340456,0.000000,-344083.011681,11238.801573,-1498946.095020,-8898.189280
42,finals_2017_06_42,game_complete,8,1438,1437,cheyenne,2014-05-05,http://dx.doi.org/10.5281/zenodo.818914,https://zenodo.org/record/818914/files/finals_2017_06_42.tar.gz,-2373720.193429,42267.926681,-119927.485436,0.000000,-124588.980075,59942.179743,-839827.142767,-3896.021752
43,finals_2017_06_43,game_complete,8,1363,1362,cheyenne,2014-05-01,http://dx.doi.org/10.5281/zenodo.818916,https://zenodo.org/record/818916/files/finals_2017_06_43.tar.gz,-1848995.771262,-41115.027718,-168918.226515,0.000000,-187622.844733,25544.174827,-941858.051410,-4665.689935
44,finals_2017_06_44,game_complete,8,1551,1549,cheyenne,2014-10-14,http://dx.doi.org/10.5281/zenodo.818918,https://zenodo.org/record/818918/files/finals_2017_06_44.tar.gz,-7942965.566394,-298560.173168,-179074.077979,0.000000,-176127.254291,-45628.408164,-749017.399182,-7320.717565
45,finals_2017_06_45,game_complete,8,1323,1322,cheyenne,2013-06-20,http://dx.doi.org/10.5281/zenodo.818920,https://zenodo.org/record/818920/files/finals_2017_06_45.tar.gz,-2929846.245932,-139735.572757,-65419.070837,0.000000,-186562.755263,1877.953489,-414485.682015,-7243.704880
46,finals_2017_06_46,game_complete,8,1547,1546,cheyenne,2013-09-25,http://dx.doi.org/10.5281/zenodo.818922,https://zenodo.org/record/818922/files/finals_2017_06_46.tar.gz,-7821185.695699,-490846.910318,-97976.874828,0.000000,-607340.751026,27027.093730,-833184.633179,-3875.576470
47,finals_2017_06_47,game_complete,8,1392,1391,cheyenne,2014-02-21,http://dx.doi.org/10.5281/zenodo.818926,https://zenodo.org/record/818926/files/finals_2017_06_47.tar.gz,-833483.089614,-420275.968781,-222093.765042,0.000000,-295621.087418,5939.519750,-1738310.688049,-8593.431928
48,finals_2017_06_48,game_complete,8,1710,1709,cheyenne,2014-11-03,http://dx.doi.org/10.5281/zenodo.818928,https://zenodo.org/record/818928/files/finals_2017_06_48.tar.gz,-1277664.952210,-3390532.232915,-204903.757890,0.000000,-839128.938658,-13334.663725,-1785097.274117,-10067.387784
49,finals_2017_06_49,game_complete,8,1341,1340,cheyenne,2013-06-15,http://dx.doi.org/10.5281/zenodo.818930,https://zenodo.org/record/818930/files/finals_2017_06_49.tar.gz,-5401230.769811,-230564.673107,-39559.927099,0.000000,-153102.989451,19550.330703,-455366.510450,-1443.399043
50,finals_2017_06_50,game_complete,8,1390,1389,cheyenne,2014-03-31,http://dx.doi.org/10.5281/zenodo.818934,https://zenodo.org/record/818934/files/finals_2017_06_50.tar.gz,-2668372.183435,19099.681936,-75799.518979,0.000000,-136374.217770,-1401.085313,-1135555.568302,-1685.186423
51,finals_2017_06_51,game_complete,8,1332,1331,cheyenne,2014-07-05,http://dx.doi.org/10.5281/zenodo.818936,https://zenodo.org/record/818936/files/finals_2017_06_51.tar.gz,-2272920.503490,205589.701700,-54894.867538,0.000000,-69728.794475,-218184.544994,-815144.893284,-10738.340297
52,finals_2017_06_52,game_complete,8,1425,1424,cheyenne,2013-04-27,http://dx.doi.org/10.5281/zenodo.818938,https://zenodo.org/record/818938/files/finals_2017_06_52.tar.gz,-1465782.887556,112041.244115,-80896.691094,0.000000,-96502.757031,44929.269380,-932801.318500,-4708.567433
53,finals_2017_06_53,game_complete,8,1491,1489,cheyenne,2014-08-24,http://dx.doi.org/10.5281/zenodo.818940,https://zenodo.org/record/818940/files/finals_2017_06_53.tar.gz,-4940502.948175,-129087.525220,-64009.796316,0.000000,-49329.456165,-223105.402643,-667709.091448,-2601.895567
54,finals_2017_06_54,game_complete,8,1324,1323,cheyenne,2014-09-19,http://dx.doi.org/10.5281/zenodo.818942,https://zenodo.org/record/818942/files/finals_2017_06_54.tar.gz,-5635584.603152,-18309.937922,-249401.858937,0.000000,-286210.990458,-157356.790871,-832466.071863,-5299.684184
55,finals_2017_06_55,game_complete,8,1821,1820,cheyenne,2014-10-06,http://dx.doi.org/10.5281/zenodo.818944,https://zenodo.org/record/818944/files/finals_2017_06_55.tar.gz,-9301114.594836,-212563.948573,-107260.978336,0.000000,-375163.180172,25657.195309,-1176861.769938,-4933.145269
56,finals_2017_06_56,game_complete,8,1651,1650,cheyenne,2014-04-06,http://dx.doi.org/10.5281/zenodo.818946,https://zenodo.org/record/818946/files/finals_2017_06_56.tar.gz,-2174801.811966,142352.686073,-125517.151052,0.000000,-7024.902069,-880831.176384,-638133.571372,-4842.829692
57,finals_2017_06_57,game_complete,8,1365,1363,cheyenne,2013-08-05,http://dx.doi.org/10.5281/zenodo.818948,https://zenodo.org/record/818948/files/finals_2017_06_57.tar.gz,-5529847.723084,35166.000052,-177255.057078,0.000000,-216155.628854,-414924.822076,-275724.047275,-11833.202483
58,finals_2017_06_58,game_complete,8,1627,1626,cheyenne,2013-07-16,http://dx.doi.org/10.5281/zenodo.818950,https://zenodo.org/record/818950/files/finals_2017_06_58.tar.gz,-4482144.030884,-24410.846780,-155760.067891,0.000000,-212277.670607,-767817.595903,-328855.310006,-279981.007515
59,finals_2017_06_59,game_complete,8,1334,1332,cheyenne,2014-12-04,http://dx.doi.org/10.5281/zenodo.818954,https://zenodo.org/record/818954/files/finals_2017_06_59.tar.gz,-3134751.399289,135901.002849,-43134.212828,0.000000,-144908.352408,-683533.597246,-568583.447209,-1181124.828753
60,finals_2017_06_60,game_complete,8,1623,1622,cheyenne,2014-03-23,http://dx.doi.org/10.5281/zenodo.818956,https://zenodo.org/record/818956/files/finals_2017_06_60.tar.gz,-1550893.710657,13725.227607,-223638.028921,-2105423.254181,-278510.093585,-7220.845153,-130446.629039,-8444.927633
61,finals_2017_06_61,game_complete,5,1463,1462,cheyenne,2013-08-26,http://dx.doi.org/10.5281/zenodo.818958,https://zenodo.org/record/818958/files/finals_2017_06_61.tar.gz,-7908421.476350,-134927.983428,,-1298115.193108,,,-178389.425485,-5735.721707
62,finals_2017_06_62,game_complete,5,1584,1582,cheyenne,2014-03-17,http://dx.doi.org/10.5281/zenodo.818960,https://zenodo.org/record/818960/files/finals_2017_06_62.tar.gz,-3979261.178617,-105304.999384,,-1256480.052635,,-936974.846424,,-2309.271429
63,finals_2017_06_63,game_complete,5,1323,1321,cheyenne,2014-05-23,http://dx.doi.org/10.5281/zenodo.818962,https://zenodo.org/record/818962/files/finals_2017_06_63.tar.gz,-4735762.625991,-25370.997252,,-812145.545183,,-776817.333622,-56942.591804,
64,finals_2017_06_64,game_complete,5,1429,1428,cheyenne,2013-04-23,http://dx.doi.org/10.5281/zenodo.818964,https://zenodo.org/record/818964/files/finals_2017_06_64.tar.gz,-2921952.869822,,,-2039095.654026,,28871.900311,-44878.740410,-803.919016
65,finals_2017_06_65,game_complete,5,1345,1343,cheyenne,2014-02-09,http://dx.doi.org/10.5281/zenodo.818966,https://zenodo.org/record/818966/files/finals_2017_06_65.tar.gz,,-46364.666829,,-8111955.668883,,319708.397390,-154773.119761,-12720.983162
66,finals_2017_06_66,game_complete,5,1392,1390,cheyenne,2014-03-09,http://dx.doi.org/10.5281/zenodo.818968,https://zenodo.org/record/818968/files/finals_2017_06_66.tar.gz,-2649377.273122,-45738.549423,,,,-721320.256689,-505544.115426,-5013.966737
67,finals_2017_06_67,game_complete,5,1369,1368,cheyenne,2014-05-28,http://dx.doi.org/10.5281/zenodo.818972,https://zenodo.org/record/818972/files/finals_2017_06_67.tar.gz,-4787893.354212,62094.387327,,-1041249.785115,-1658598.396510,,,-4326.586530
68,finals_2017_06_68,game_complete,5,1343,1342,cheyenne,2013-10-16,http://dx.doi.org/10.5281/zenodo.818974,https://zenodo.org/record/818974/files/finals_2017_06_68.tar.gz,-5721092.309540,-45942.274523,,-1481823.284467,-82465.825503,,-163030.144035,
69,finals_2017_06_69,game_complete,5,1332,1330,cheyenne,2014-11-17,http://dx.doi.org/10.5281/zenodo.818976,https://zenodo.org/record/818976/files/finals_2017_06_69.tar.gz,-3496184.487135,,,-2242109.468080,-60333.633763,,-79986.386261,-11000.478680
70,finals_2017_06_70,game_complete,5,1325,1323,cheyenne,2013-09-25,http://dx.doi.org/10.5281/zenodo.818978,https://zenodo.org/record/818978/files/finals_2017_06_70.tar.gz,,127572.038773,,-5449786.868703,-568933.268057,,-230308.951643,-37971.516174
71,finals_2017_06_71,game_complete,5,1441,1439,cheyenne,2014-09-17,http://dx.doi.org/10.5281/zenodo.818980,https://zenodo.org/record/818980/files/finals_2017_06_71.tar.gz,-6702716.271707,-29651.023707,,,-395472.379634,,-755810.306754,-4790.746648
72,finals_2017_06_72,game_complete,5,1431,1430,cheyenne,2013-05-26,http://dx.doi.org/10.5281/zenodo.818982,https://zenodo.org/record/818982/files/finals_2017_06_72.tar.gz,-2366017.355578,-83535.513107,,0.000000,-2769342.061817,-1104048.834822,,
73,finals_2017_06_73,game_complete,5,1360,1359,cheyenne,2013-04-11,http://dx.doi.org/10.5281/zenodo.818984,https://zenodo.org/record/818984/files/finals_2017_06_73.tar.gz,-944629.838320,,,-1648714.371025,-661.807875,-205477.034453,,-1439.853972
74,finals_2017_06_74,game_complete,5,1475,1473,cheyenne,2013-06-10,http://dx.doi.org/10.5281/zenodo.818986,https://zenodo.org/record/818986/files/finals_2017_06_74.tar.gz,,103448.653236,,0.000000,-2764781.965040,-1905465.713146,,2475.727979
75,finals_2017_06_75,game_complete,5,1344,1343,cheyenne,2014-05-11,http://dx.doi.org/10.5281/zenodo.818988,https://zenodo.org/record/818988/files/finals_2017_06_75.tar.gz,-1802973.505681,74448.848858,,,-216986.355975,-1351326.410577,,0.000000
76,finals_2017_06_76,game_complete,5,1500,1499,cheyenne,2014-09-18,http://dx.doi.org/10.5281/zenodo.818990,https://zenodo.org/record/818990/files/finals_2017_06_76.tar.gz,-6136805.869749,,,-627050.630659,-775855.987421,-908112.456934,-95272.155622,
77,finals_2017_06_77,game_complete,5,1626,1624,cheyenne,2013-09-01,http://dx.doi.org/10.5281/zenodo.818992,https://zenodo.org/record/818992/files/finals_2017_06_77.tar.gz,,8107.988790,,-234638.636229,-4488612.174381,-2393830.304293,-240316.564315,
78,finals_2017_06_78,game_complete,5,1778,1777,cheyenne,2013-06-12,http://dx.doi.org/10.5281/zenodo.818996,https://zenodo.org/record/818996/files/finals_2017_06_78.tar.gz,-5711387.700939,61772.245824,,,-753984.772377,-1004850.657223,-278511.076450,
79,finals_2017_06_79,game_complete,5,1329,1327,cheyenne,2014-11-22,http://dx.doi.org/10.5281/zenodo.819000,https://zenodo.org/record/819000/files/finals_2017_06_79.tar.gz,,,,-5188910.451386,-636007.706792,-2809876.045748,-141391.247811,-677656.078510
80,finals_2017_06_80,game_complete,5,1594,1593,cheyenne,2014-12-07,http://dx.doi.org/10.5281/zenodo.819002,https://zenodo.org/record/819002/files/finals_2017_06_80.tar.gz,-3698000.667022,,,,-1334616.718103,-619304.104734,-505271.177345,-877180.991098
81,finals_2017_06_81,game_complete,5,1394,1392,cheyenne,2013-05-08,http://dx.doi.org/10.5281/zenodo.819004,https://zenodo.org/record/819004/files/finals_2017_06_81.tar.gz,,1408939.679148,,,-1981891.090211,497965.453262,147421.610333,44906.079444
82,finals_2017_06_82,game_complete,5,1390,1388,cheyenne,2013-09-28,http://dx.doi.org/10.5281/zenodo.819006,https://zenodo.org/record/819006/files/finals_2017_06_82.tar.gz,-5676895.448115,322454.183179,-43545.643332,-8576.834897,,,,-1180.578312
83,finals_2017_06_83,game_complete,5,1438,1437,cheyenne,2014-01-15,http://dx.doi.org/10.5281/zenodo.819008,https://zenodo.org/record/819008/files/finals_2017_06_83.tar.gz,-4783759.419249,45674.847980,-65265.996244,-2043527.516138,,,-189894.450654,
84,finals_2017_06_84,game_complete,5,1350,1349,cheyenne,2014-01-27,http://dx.doi.org/10.5281/zenodo.819010,https://zenodo.org/record/819010/files/finals_2017_06_84.tar.gz,-627310.911580,,-109043.237687,0.000000,,,-2010560.049886,14982.658853
85,finals_2017_06_85,game_complete,5,1608,1607,cheyenne,2014-04-25,http://dx.doi.org/10.5281/zenodo.819012,https://zenodo.org/record/819012/files/finals_2017_06_85.tar.gz,,323711.631093,-59299.210136,-5174539.351644,,,-22516.062913,-1176209.663896
86,finals_2017_06_86,game_complete,5,1351,1350,cheyenne,2013-09-07,http://dx.doi.org/10.5281/zenodo.819016,https://zenodo.org/record/819016/files/finals_2017_06_86.tar.gz,-5309297.115506,-14866.762409,-81891.950349,,,,-824848.568960,-2739.732229
87,finals_2017_06_87,game_complete,5,1332,1331,cheyenne,2013-06-29,http://dx.doi.org/10.5281/zenodo.819018,https://zenodo.org/record/819018/files/finals_2017_06_87.tar.gz,-3959914.658376,-4153.134137,-170492.768233,-1181617.157491,,-1234543.018860,,
88,finals_2017_06_88,game_complete,5,1548,1547,cheyenne,2013-09-09,http://dx.doi.org/10.5281/zenodo.819020,https://zenodo.org/record/819020/files/finals_2017_06_88.tar.gz,-8161893.728292,,-172196.317635,-1003618.363387,,-765996.806950,,-18062.934422
89,finals_2017_06_89,game_complete,5,1348,1346,cheyenne,2014-09-07,http://dx.doi.org/10.5281/zenodo.819024,https://zenodo.org/record/819024/files/finals_2017_06_89.tar.gz,,-21691.992125,-171892.539084,-7693017.316903,,-848624.715771,,9353.733861
90,finals_2017_06_90,game_complete,5,1353,1351,cheyenne,2014-06-06,http://dx.doi.org/10.5281/zenodo.819026,https://zenodo.org/record/819026/files/finals_2017_06_90.tar.gz,-4019499.876963,-55021.522975,-75563.078772,,,-1214031.654839,,-4936.278209
91,finals_2017_06_91,game_complete,5,1376,1374,cheyenne,2014-01-10,http://dx.doi.org/10.5281/zenodo.819028,https://zenodo.org/record/819028/files/finals_2017_06_91.tar.gz,-5485208.226428,,-110771.354234,0.000000,,-1163074.022565,-425487.242860,
92,finals_2017_06_92,game_complete,5,1342,1340,cheyenne,2013-08-18,http://dx.doi.org/10.5281/zenodo.819030,https://zenodo.org/record/819030/files/finals_2017_06_92.tar.gz,,-31667.016174,-133420.420214,-4547631.203933,,-1937595.502664,-320087.161313,
93,finals_2017_06_93,game_complete,5,1327,1325,cheyenne,2014-07-07,http://dx.doi.org/10.5281/zenodo.819032,https://zenodo.org/record/819032/files/finals_2017_06_93.tar.gz,-2747575.527373,73830.593592,-179155.001862,,,-682121.502316,-380061.496785,
94,finals_2017_06_94,game_complete,5,1322,1321,cheyenne,2014-08-05,http://dx.doi.org/10.5281/zenodo.819034,https://zenodo.org/record/819034/files/finals_2017_06_94.tar.gz,,,-93848.599316,-3348493.092203,,-2000612.669455,-131430.971558,10023.973482
95,finals_2017_06_95,game_complete,5,1377,1375,cheyenne,2013-09-15,http://dx.doi.org/10.5281/zenodo.819038,https://zenodo.org/record/819038/files/finals_2017_06_95.tar.gz,-7783601.072307,,-181013.363614,,,-592211.287610,-425919.537951,-8775.721206
96,finals_2017_06_96,game_complete,5,1384,1383,cheyenne,2014-09-23,http://dx.doi.org/10.5281/zenodo.819040,https://zenodo.org/record/819040/files/finals_2017_06_96.tar.gz,,-658023.810121,-215478.027957,,,-1620922.340906,-472757.437317,6915.095093
97,finals_2017_06_97,game_complete,5,1381,1379,cheyenne,2013-06-20,http://dx.doi.org/10.5281/zenodo.819042,https://zenodo.org/record/819042/files/finals_2017_06_97.tar.gz,-3919160.004798,9905.026876,-86568.923510,-1074672.130829,-103933.291617,,,
98,finals_2017_06_98,game_complete,5,1422,1421,cheyenne,2014-03-17,http://dx.doi.org/10.5281/zenodo.819045,https://zenodo.org/record/819045/files/finals_2017_06_98.tar.gz,-3510513.434382,,-159172.332343,-1364058.005957,-103819.615645,,,196.063190
99,finals_2017_06_99,game_complete,5,1388,1387,cheyenne,2014-10-03,http://dx.doi.org/10.5281/zenodo.819049,https://zenodo.org/record/819049/files/finals_2017_06_99.tar.gz,,-48691.885221,-241586.667094,-8391541.256244,-2085065.362817,,,19443.280526
100,finals_2017_06_100,game_complete,5,1574,1572,cheyenne,2014-10-29,http://dx.doi.org/10.5281/zenodo.819051,https://zenodo.org/record/819051/files/finals_2017_06_100.tar.gz,-6974752.291298,19073.695836,-79331.055309,,-429244.086506,,,0.000000
101,finals_2017_06_101,game_complete,5,1349,1348,cheyenne,2014-11-07,http://dx.doi.org/10.5281/zenodo.819053,https://zenodo.org/record/819053/files/finals_2017_06_101.tar.gz,-1696993.066383,,-103045.023966,-2292326.705178,-302761.818956,,-95771.872357,
102,finals_2017_06_102,game_complete,5,1375,1373,cheyenne,2014-08-22,http://dx.doi.org/10.5281/zenodo.819055,https://zenodo.org/record/819055/files/finals_2017_06_102.tar.gz,,34136.760603,-169217.667885,-3677628.453730,-1352743.896639,,-208803.188628,
103,finals_2017_06_103,game_complete,5,1550,1549,cheyenne,2013-09-12,http://dx.doi.org/10.5281/zenodo.819057,https://zenodo.org/record/819057/files/finals_2017_06_103.tar.gz,-6532511.759612,-22053.076511,-204640.857816,,-1225508.515867,,-838224.991019,
104,finals_2017_06_104,game_complete,5,1429,1427,cheyenne,2013-12-13,http://dx.doi.org/10.5281/zenodo.819059,https://zenodo.org/record/819059/files/finals_2017_06_104.tar.gz,,,-120406.470963,0.000000,-4475048.264072,,-1802764.402222,55738.792023
105,finals_2017_06_105,game_complete,5,1379,1378,cheyenne,2014-06-11,http://dx.doi.org/10.5281/zenodo.819061,https://zenodo.org/record/819061/files/finals_2017_06_105.tar.gz,-3473144.947613,,-201450.253149,,-145268.506103,,-726408.834670,-5383.987967
106,finals_2017_06_106,game_complete,5,1384,1382,cheyenne,2014-09-13,http://dx.doi.org/10.5281/zenodo.819065,https://zenodo.org/record/819065/files/finals_2017_06_106.tar.gz,,487693.109656,-1719081.478546,,-1235499.209549,,-1183547.560279,5726.355576
107,finals_2017_06_107,game_complete,5,1339,1337,cheyenne,2014-07-23,http://dx.doi.org/10.5281/zenodo.819067,https://zenodo.org/record/819067/files/finals_2017_06_107.tar.gz,-3766887.772996,,-57871.297305,-719322.070136,-58374.230157,-754347.800657,,
108,finals_2017_06_108,game_complete,5,1352,1350,cheyenne,2013-05-07,http://dx.doi.org/10.5281/zenodo.819069,https://zenodo.org/record/819069/files/finals_2017_06_108.tar.gz,,225339.073046,-146587.809551,-2126652.211178,-1202267.537325,-306216.117419,,
109,finals_2017_06_109,game_complete,5,1731,1730,cheyenne,2013-12-21,http://dx.doi.org/10.5281/zenodo.819071,https://zenodo.org/record/819071/files/finals_2017_06_109.tar.gz,-6845567.322394,129717.857051,-187534.055216,,-1493673.693772,-1948265.339267,,
110,finals_2017_06_110,game_complete,5,1395,1394,cheyenne,2014-03-09,http://dx.doi.org/10.5281/zenodo.819073,https://zenodo.org/record/819073/files/finals_2017_06_110.tar.gz,,,-188882.042322,-5205625.665516,-317737.856509,-3334408.517803,,-6304.753180
111,finals_2017_06_111,game_complete,5,1334,1332,cheyenne,2014-04-09,http://dx.doi.org/10.5281/zenodo.819075,https://zenodo.org/record/819075/files/finals_2017_06_111.tar.gz,-2345044.996358,,-169699.808444,,134454.401306,-1328141.250954,,-9116.128024
112,finals_2017_06_112,game_complete,5,1371,1370,cheyenne,2014-08-22,http://dx.doi.org/10.5281/zenodo.819077,https://zenodo.org/record/819077/files/finals_2017_06_112.tar.gz,,192584.750210,-148047.831412,,-1315976.810891,-1743918.608224,,-65981.528414
113,finals_2017_06_113,game_complete,5,1365,1364,cheyenne,2014-01-02,http://dx.doi.org/10.5281/zenodo.819079,https://zenodo.org/record/819079/files/finals_2017_06_113.tar.gz,,,-64976.004868,-4477692.462843,-1148283.675559,-2551017.702563,-87853.762399,
114,finals_2017_06_114,game_complete,5,1334,1332,cheyenne,2013-09-29,http://dx.doi.org/10.5281/zenodo.819081,https://zenodo.org/record/819081/files/finals_2017_06_114.tar.gz,-5759668.234422,,-126698.735611,,-297200.065865,-636280.999561,-388180.041265,
115,finals_2017_06_115,game_complete,5,1323,1321,cheyenne,2014-12-30,http://dx.doi.org/10.5281/zenodo.819083,https://zenodo.org/record/819083/files/finals_2017_06_115.tar.gz,,873252.511999,-200499.679174,,-3587162.502491,340457.768586,-1174736.892630,
116,finals_2017_06_116,game_complete,5,1334,1333,cheyenne,2013-05-18,http://dx.doi.org/10.5281/zenodo.819087,https://zenodo.org/record/819087/files/finals_2017_06_116.tar.gz,,,-80035.492029,,-87478.281125,1406461.025096,294194.934688,132336.481874
117,finals_2017_06_117,game_complete,5,1522,1521,cheyenne,2014-10-24,http://dx.doi.org/10.5281/zenodo.819089,https://zenodo.org/record/819089/files/finals_2017_06_117.tar.gz,-6707132.077479,-407174.373249,,0.000000,,,-1109554.704844,-4747.475315
118,finals_2017_06_118,game_complete,5,1448,1447,cheyenne,2014-06-10,http://dx.doi.org/10.5281/zenodo.819091,https://zenodo.org/record/819091/files/finals_2017_06_118.tar.gz,-3300045.879609,-45655.958023,,-6869.556238,,-1557551.775623,,-641655.448195
119,finals_2017_06_119,game_complete,5,1386,1385,cheyenne,2013-05-10,http://dx.doi.org/10.5281/zenodo.819093,https://zenodo.org/record/819093/files/finals_2017_06_119.tar.gz,-2812002.977779,-121122.831094,,-40411.920160,,-547871.252963,-294165.690933,
120,finals_2017_06_120,game_complete,5,1369,1367,cheyenne,2013-05-26,http://dx.doi.org/10.5281/zenodo.819095,https://zenodo.org/record/819095/files/finals_2017_06_120.tar.gz,-2709175.305408,,,-901544.465278,,-934868.169674,-150807.399311,-3712.340329
121,finals_2017_06_121,game_complete,5,1365,1364,cheyenne,2014-01-07,http://dx.doi.org/10.5281/zenodo.819097,https://zenodo.org/record/819097/files/finals_2017_06_121.tar.gz,,10241.578473,,-7641699.568937,,519606.836280,-82702.207749,-590.558214
122,finals_2017_06_122,game_complete,5,1341,1340,cheyenne,2013-10-02,http://dx.doi.org/10.5281/zenodo.819099,https://zenodo.org/record/819099/files/finals_2017_06_122.tar.gz,-5566657.677199,-125221.118086,,,,-580913.365769,-293220.611750,-5519.808005
123,finals_2017_06_123,game_complete,5,1611,1610,cheyenne,2013-06-05,http://dx.doi.org/10.5281/zenodo.819101,https://zenodo.org/record/819101/files/finals_2017_06_123.tar.gz,-4320135.699550,-8914.063347,,-83132.972119,-516957.768223,,,-3153.204490
124,finals_2017_06_124,game_complete,5,1364,1363,cheyenne,2013-06-04,http://dx.doi.org/10.5281/zenodo.819105,https://zenodo.org/record/819105/files/finals_2017_06_124.tar.gz,-3922589.317934,-39637.914268,,-1709649.615522,-1777152.342416,,-115501.170819,
125,finals_2017_06_125,game_complete,5,1328,1327,cheyenne,2014-10-03,http://dx.doi.org/10.5281/zenodo.819107,https://zenodo.org/record/819107/files/finals_2017_06_125.tar.gz,-5941745.911978,,,-1180.852357,-159154.969420,,-886528.666555,-3908.397129
126,finals_2017_06_126,game_complete,5,1324,1323,cheyenne,2014-07-01,http://dx.doi.org/10.5281/zenodo.819109,https://zenodo.org/record/819109/files/finals_2017_06_126.tar.gz,,178124.152514,,-3942153.822762,-99157.260031,,-64438.686561,-7482.318459
127,finals_2017_06_127,game_complete,5,1668,1667,cheyenne,2014-05-15,http://dx.doi.org/10.5281/zenodo.819111,https://zenodo.org/record/819111/files/finals_2017_06_127.tar.gz,-3720749.276571,-110080.908663,,,-178349.427718,,-1076888.577868,-3527.332665
128,finals_2017_06_128,game_complete,5,1930,1929,cheyenne,2014-02-03,http://dx.doi.org/10.5281/zenodo.819113,https://zenodo.org/record/819113/files/finals_2017_06_128.tar.gz,-5399247.575386,94371.249542,,-1513630.367907,-25531.404466,-1421008.214947,,
129,finals_2017_06_129,game_complete,5,1377,1376,cheyenne,2014-10-11,http://dx.doi.org/10.5281/zenodo.819115,https://zenodo.org/record/819115/files/finals_2017_06_129.tar.gz,-8129919.687003,,,-817662.909799,-219125.912308,-896634.306954,,-12674.155439
130,finals_2017_06_130,game_complete,5,1359,1357,cheyenne,2014-08-05,http://dx.doi.org/10.5281/zenodo.819117,https://zenodo.org/record/819117/files/finals_2017_06_130.tar.gz,,574.634321,,0.000000,-322092.377157,-3009254.298849,,-2275.558264
131,finals_2017_06_131,game_complete,5,1524,1523,cheyenne,2013-05-25,http://dx.doi.org/10.5281/zenodo.819119,https://zenodo.org/record/819119/files/finals_2017_06_131.tar.gz,-3076765.006456,-6652.710560,,,-55156.139373,-1967409.332361,,-6478.705541
132,finals_2017_06_132,game_complete,5,1731,1730,cheyenne,2013-08-05,http://dx.doi.org/10.5281/zenodo.819121,https://zenodo.org/record/819121/files/finals_2017_06_132.tar.gz,-8093281.176660,,,-1118493.535448,-124509.354046,-1027292.103399,-136786.848795,
133,finals_2017_06_133,game_complete,5,1570,1568,cheyenne,2013-11-01,http://dx.doi.org/10.5281/zenodo.819123,https://zenodo.org/record/819123/files/finals_2017_06_133.tar.gz,,-102791.543802,,-6984353.339504,-1237783.407439,-24283.543887,-79234.974584,
134,finals_2017_06_134,game_complete,5,1367,1366,cheyenne,2014-03-30,http://dx.doi.org/10.5281/zenodo.819127,https://zenodo.org/record/819127/files/finals_2017_06_134.tar.gz,-3501378.788673,-72839.051845,,,-236313.098749,-637401.027336,-358909.387223,
135,finals_2017_06_135,game_complete,5,1329,1327,cheyenne,2014-05-11,http://dx.doi.org/10.5281/zenodo.819131,https://zenodo.org/record/819131/files/finals_2017_06_135.tar.gz,,,,-2127722.887718,-80593.949806,-798905.564071,-25978.155635,-2158.279089
136,finals_2017_06_136,game_complete,5,1525,1524,cheyenne,2014-08-28,http://dx.doi.org/10.5281/zenodo.819135,https://zenodo.org/record/819135/files/finals_2017_06_136.tar.gz,-6697192.256941,,,,-315556.683717,-631294.964656,-301301.019855,-9109.068395
137,finals_2017_06_137,game_complete,5,1355,1353,cheyenne,2014-03-09,http://dx.doi.org/10.5281/zenodo.819137,https://zenodo.org/record/819137/files/finals_2017_06_137.tar.gz,,-953485.580273,,,-1541849.767224,-644425.771397,-329776.203761,-18921.058532
138,finals_2017_06_138,game_complete,5,1340,1338,cheyenne,2014-07-19,http://dx.doi.org/10.5281/zenodo.819139,https://zenodo.org/record/819139/files/finals_2017_06_138.tar.gz,-2934525.364270,22064.920640,-94135.870929,-1272844.002865,,,,-804.015039
139,finals_2017_06_139,game_complete,5,1322,1320,cheyenne,2013-06-29,http://dx.doi.org/10.5281/zenodo.819141,https://zenodo.org/record/819141/files/finals_2017_06_139.tar.gz,-3171027.111252,-11197.219151,-55970.098998,-1892722.369761,,,-94714.873951,
140,finals_2017_06_140,game_complete,5,1556,1554,cheyenne,2013-09-07,http://dx.doi.org/10.5281/zenodo.819143,https://zenodo.org/record/819143/files/finals_2017_06_140.tar.gz,-8803058.532875,,-63239.448589,0.000000,,,-1104355.145330,-1901.096360
141,finals_2017_06_141,game_complete,5,1382,1381,cheyenne,2013-11-16,http://dx.doi.org/10.5281/zenodo.819145,https://zenodo.org/record/819145/files/finals_2017_06_141.tar.gz,,26200.683135,-180972.311253,-8427455.978206,,,-283762.983362,-1525387.909062
142,finals_2017_06_142,game_complete,5,1445,1444,cheyenne,2013-07-30,http://dx.doi.org/10.5281/zenodo.819147,https://zenodo.org/record/819147/files/finals_2017_06_142.tar.gz,-5936683.658367,63442.975928,-188520.010929,,,,-720257.653775,-5215.086372
143,finals_2017_06_143,game_complete,5,1330,1328,cheyenne,2014-10-13,http://dx.doi.org/10.5281/zenodo.819149,https://zenodo.org/record/819149/files/finals_2017_06_143.tar.gz,-7708903.085059,14203.889398,-205692.980613,-782161.910472,,-958949.075656,,
144,finals_2017_06_144,game_complete,5,1366,1365,cheyenne,2014-12-11,http://dx.doi.org/10.5281/zenodo.819151,https://zenodo.org/record/819151/files/finals_2017_06_144.tar.gz,-1229720.667493,,-69943.775719,-950567.696713,,-900872.989248,,-2161.691811
145,finals_2017_06_145,game_complete,5,1401,1399,cheyenne,2014-01-26,http://dx.doi.org/10.5281/zenodo.819155,https://zenodo.org/record/819155/files/finals_2017_06_145.tar.gz,,-456332.656473,94245.643360,-3017518.586399,,-151951.734067,,-1236435.455589
146,finals_2017_06_146,game_complete,5,1430,1429,cheyenne,2014-12-25,http://dx.doi.org/10.5281/zenodo.819157,https://zenodo.org/record/819157/files/finals_2017_06_146.tar.gz,-3194717.557271,-7422.112432,-1301973.640635,,,-1345068.012388,,7950.473469
147,finals_2017_06_147,game_complete,5,1367,1366,cheyenne,2014-01-15,http://dx.doi.org/10.5281/zenodo.819159,https://zenodo.org/record/819159/files/finals_2017_06_147.tar.gz,-2989173.909990,,-102571.163555,0.000000,,-825262.616671,-566342.324204,
148,finals_2017_06_148,game_complete,5,1459,1458,cheyenne,2013-06-19,http://dx.doi.org/10.5281/zenodo.819161,https://zenodo.org/record/819161/files/finals_2017_06_148.tar.gz,,154655.124588,-48820.458141,-5173207.091111,,136669.735935,-143493.607964,
149,finals_2017_06_149,game_complete,5,1438,1437,cheyenne,2014-09-08,http://dx.doi.org/10.5281/zenodo.819163,https://zenodo.org/record/819163/files/finals_2017_06_149.tar.gz,-6196245.607582,-24947.976645,-93995.033947,,,-624964.275813,-386355.091186,
150,finals_2017_06_150,game_complete,5,1458,1457,cheyenne,2014-01-15,http://dx.doi.org/10.5281/zenodo.819165,https://zenodo.org/record/819165/files/finals_2017_06_150.tar.gz,,,11041.014552,0.000000,,-560948.421213,-458368.734236,8521.290146
151,finals_2017_06_151,game_complete,5,1737,1736,cheyenne,2013-11-01,http://dx.doi.org/10.5281/zenodo.819167,https://zenodo.org/record/819167/files/finals_2017_06_151.tar.gz,-6721626.996644,,-141381.917310,,,-945927.946488,-604700.152845,-1494336.507217
152,finals_2017_06_152,game_complete,5,1346,1345,cheyenne,2014-12-02,http://dx.doi.org/10.5281/zenodo.819171,https://zenodo.org/record/819171/files/finals_2017_06_152.tar.gz,,-647357.503576,-125601.522351,,,115906.130782,-497093.311134,-83079.063465
153,finals_2017_06_153,game_complete,5,1373,1371,cheyenne,2013-06-21,http://dx.doi.org/10.5281/zenodo.819173,https://zenodo.org/record/819173/files/finals_2017_06_153.tar.gz,-4562679.934869,-3060.146875,-95132.195381,0.000000,-161247.784691,,,
154,finals_2017_06_154,game_complete,5,1432,1431,cheyenne,2013-11-24,http://dx.doi.org/10.5281/zenodo.819175,https://zenodo.org/record/819175/files/finals_2017_06_154.tar.gz,-2964653.209070,,-140777.528729,0.000000,-318706.377945,,,0.000000
155,finals_2017_06_155,game_complete,5,1569,1568,cheyenne,2014-06-28,http://dx.doi.org/10.5281/zenodo.819177,https://zenodo.org/record/819177/files/finals_2017_06_155.tar.gz,,225101.553611,-134569.889833,-7289358.923619,-1870995.312011,,,86220.520769
156,finals_2017_06_156,game_complete,5,1324,1322,cheyenne,2014-04-12,http://dx.doi.org/10.5281/zenodo.819179,https://zenodo.org/record/819179/files/finals_2017_06_156.tar.gz,-2505769.229019,67469.316886,-163845.872521,,-131066.617109,,,-3337.882516
157,finals_2017_06_157,game_complete,5,1416,1414,cheyenne,2013-06-04,http://dx.doi.org/10.5281/zenodo.819181,https://zenodo.org/record/819181/files/finals_2017_06_157.tar.gz,-3232387.527138,,-119997.842385,-102920.285895,-1684951.337890,,-568932.874169,
158,finals_2017_06_158,game_complete,5,1401,1399,cheyenne,2014-12-22,http://dx.doi.org/10.5281/zenodo.819183,https://zenodo.org/record/819183/files/finals_2017_06_158.tar.gz,,2454460.249174,-117796.347357,0.000000,-1078048.121380,,-963871.052474,
159,finals_2017_06_159,game_complete,5,1617,1615,cheyenne,2014-05-21,http://dx.doi.org/10.5281/zenodo.819185,https://zenodo.org/record/819185/files/finals_2017_06_159.tar.gz,-4755797.039198,-30141.122725,-78413.070255,,-1112146.556565,,-651338.136581,
160,finals_2017_06_160,game_complete,5,1402,1400,cheyenne,2014-08-20,http://dx.doi.org/10.5281/zenodo.819187,https://zenodo.org/record/819187/files/finals_2017_06_160.tar.gz,,,-174848.060465,0.000000,-1261222.875188,,-2116775.820770,21345.247999
161,finals_2017_06_161,game_complete,5,1611,1609,cheyenne,2014-04-22,http://dx.doi.org/10.5281/zenodo.819191,https://zenodo.org/record/819191/files/finals_2017_06_161.tar.gz,-1539120.940992,,-108481.142110,,17163.168729,,-1097248.190138,-2264.820354
162,finals_2017_06_162,game_complete,5,1373,1372,cheyenne,2013-09-08,http://dx.doi.org/10.5281/zenodo.819193,https://zenodo.org/record/819193/files/finals_2017_06_162.tar.gz,,-612229.064771,-36348.121421,,-1292048.561920,,-989947.209153,-12764.475375
163,finals_2017_06_163,game_complete,5,1356,1355,cheyenne,2014-08-31,http://dx.doi.org/10.5281/zenodo.819195,https://zenodo.org/record/819195/files/finals_2017_06_163.tar.gz,-3852697.595775,,-109823.171379,-111725.790701,-1696352.150776,-1239466.821437,,
164,finals_2017_06_164,game_complete,5,1357,1356,cheyenne,2014-02-07,http://dx.doi.org/10.5281/zenodo.819197,https://zenodo.org/record/819197/files/finals_2017_06_164.tar.gz,,-80224.889478,-168230.796387,-5983741.821472,-1071178.757533,-214842.738768,,
165,finals_2017_06_165,game_complete,5,1485,1484,cheyenne,2013-04-11,http://dx.doi.org/10.5281/zenodo.819199,https://zenodo.org/record/819199/files/finals_2017_06_165.tar.gz,-740087.819909,186771.139015,-72191.858595,,-706121.838034,-1132585.189521,,
166,finals_2017_06_166,game_complete,5,1447,1446,cheyenne,2013-11-07,http://dx.doi.org/10.5281/zenodo.819201,https://zenodo.org/record/819201/files/finals_2017_06_166.tar.gz,,,-164684.392432,-5124878.365171,-234869.630189,-4255214.103253,,-3681.664454
167,finals_2017_06_167,game_complete,5,1325,1323,cheyenne,2013-06-22,http://dx.doi.org/10.5281/zenodo.819203,https://zenodo.org/record/819203/files/finals_2017_06_167.tar.gz,-4205780.876197,,-69688.089087,,-22520.344418,-348598.755334,,0.000000
168,finals_2017_06_168,game_complete,5,1508,1507,cheyenne,2013-05-02,http://dx.doi.org/10.5281/zenodo.819205,https://zenodo.org/record/819205/files/finals_2017_06_168.tar.gz,,2135997.296441,-435924.841396,,1633.459307,-466862.064060,,0.000000
169,finals_2017_06_169,game_complete,5,1417,1416,cheyenne,2014-01-08,http://dx.doi.org/10.5281/zenodo.819209,https://zenodo.org/record/819209/files/finals_2017_06_169.tar.gz,,,-21209.769670,-5423481.676688,-1153452.078542,-2906423.450548,-122599.429685,
170,finals_2017_06_170,game_complete,5,1346,1345,cheyenne,2014-04-01,http://dx.doi.org/10.5281/zenodo.819211,https://zenodo.org/record/819211/files/finals_2017_06_170.tar.gz,-2664176.606069,,-143389.364707,,-140713.745209,-656541.433628,-585297.851836,
171,finals_2017_06_171,game_complete,5,1461,1459,cheyenne,2013-09-12,http://dx.doi.org/10.5281/zenodo.819213,https://zenodo.org/record/819213/files/finals_2017_06_171.tar.gz,,138687.090743,-11483.881613,,-2619276.331495,-1276583.764966,-757776.640456,
172,finals_2017_06_172,game_complete,5,1614,1612,cheyenne,2014-05-28,http://dx.doi.org/10.5281/zenodo.819215,https://zenodo.org/record/819215/files/finals_2017_06_172.tar.gz,,,42443.663416,,-694003.954941,-399993.432699,-260228.399919,3420.937060
173,finals_2017_06_173,game_complete,3,1510,1508,cheyenne,2014-04-20,http://dx.doi.org/10.5281/zenodo.819217,https://zenodo.org/record/819217/files/finals_2017_06_173.tar.gz,-1881704.556606,52502.184200,,-1616965.606798,,,,
174,finals_2017_06_174,game_complete,3,1410,1408,cheyenne,2013-05-22,http://dx.doi.org/10.5281/zenodo.819219,https://zenodo.org/record/819219/files/finals_2017_06_174.tar.gz,-2762984.935412,,,-1580536.537902,,,,116.018376
175,finals_2017_06_175,game_complete,3,1513,1511,cheyenne,2014-06-06,http://dx.doi.org/10.5281/zenodo.819221,https://zenodo.org/record/819221/files/finals_2017_06_175.tar.gz,,6731113.498021,,-4598481.196484,,,,-7631.073691
176,finals_2017_06_176,game_complete,3,1505,1504,cheyenne,2013-10-15,http://dx.doi.org/10.5281/zenodo.819223,https://zenodo.org/record/819223/files/finals_2017_06_176.tar.gz,-7805001.383077,223121.285741,,,,,,-1550.060295
177,finals_2017_06_177,game_complete,3,1349,1348,cheyenne,2014-02-11,http://dx.doi.org/10.5281/zenodo.819225,https://zenodo.org/record/819225/files/finals_2017_06_177.tar.gz,-3460412.027018,,,0.000000,,,-1289750.703300,
178,finals_2017_06_178,game_complete,3,1351,1350,cheyenne,2013-04-26,http://dx.doi.org/10.5281/zenodo.819227,https://zenodo.org/record/819227/files/finals_2017_06_178.tar.gz,,106285.936909,,-3733553.994462,,,785.412014,
179,finals_2017_06_179,game_complete,3,1419,1418,cheyenne,2014-07-22,http://dx.doi.org/10.5281/zenodo.819229,https://zenodo.org/record/819229/files/finals_2017_06_179.tar.gz,-4168911.051872,-4271.445167,,,,,-918041.607828,
180,finals_2017_06_180,game_complete,3,1324,1323,cheyenne,2013-06-17,http://dx.doi.org/10.5281/zenodo.819231,https://zenodo.org/record/819231/files/finals_2017_06_180.tar.gz,,,,-5471908.103720,,,-125435.685818,-1712.417887
181,finals_2017_06_181,game_complete,3,1404,1402,cheyenne,2013-08-05,http://dx.doi.org/10.5281/zenodo.819233,https://zenodo.org/record/819233/files/finals_2017_06_181.tar.gz,-5683867.371821,,,,,,-871662.441031,-3070.758116
182,finals_2017_06_182,game_complete,3,1468,1467,cheyenne,2013-08-02,http://dx.doi.org/10.5281/zenodo.819235,https://zenodo.org/record/819235/files/finals_2017_06_182.tar.gz,,2019514.578617,,,,,-978504.207065,-179132.851556
183,finals_2017_06_183,game_complete,3,1468,1467,cheyenne,2013-07-09,http://dx.doi.org/10.5281/zenodo.819237,https://zenodo.org/record/819237/files/finals_2017_06_183.tar.gz,-5462828.707714,,,-1007454.918171,,-1030197.644775,,
184,finals_2017_06_184,game_complete,3,1385,1383,cheyenne,2013-07-23,http://dx.doi.org/10.5281/zenodo.819239,https://zenodo.org/record/819239/files/finals_2017_06_184.tar.gz,,706649.474938,,0.000000,,-114686.583228,,
185,finals_2017_06_185,game_complete,3,1362,1361,cheyenne,2013-11-24,http://dx.doi.org/10.5281/zenodo.819241,https://zenodo.org/record/819241/files/finals_2017_06_185.tar.gz,-3085365.286643,-215499.688620,,,,-1341368.157029,,
186,finals_2017_06_186,game_complete,3,1401,1399,cheyenne,2014-12-01,http://dx.doi.org/10.5281/zenodo.819243,https://zenodo.org/record/819243/files/finals_2017_06_186.tar.gz,,,,0.000000,,1014171.024923,,0.000000
187,finals_2017_06_187,game_complete,3,1361,1359,cheyenne,2014-01-17,http://dx.doi.org/10.5281/zenodo.819245,https://zenodo.org/record/819245/files/finals_2017_06_187.tar.gz,-4530675.593314,,,,,-1232190.319566,,0.000000
188,finals_2017_06_188,game_complete,3,1579,1578,cheyenne,2014-12-25,http://dx.doi.org/10.5281/zenodo.819249,https://zenodo.org/record/819249/files/finals_2017_06_188.tar.gz,,6573712.459026,,,,-330151.135351,,0.000000
189,finals_2017_06_189,game_complete,3,1379,1378,cheyenne,2013-11-15,http://dx.doi.org/10.5281/zenodo.819251,https://zenodo.org/record/819251/files/finals_2017_06_189.tar.gz,,,,0.000000,,-100149.772481,-1741653.125391,
190,finals_2017_06_190,game_complete,3,1353,1351,cheyenne,2014-01-10,http://dx.doi.org/10.5281/zenodo.819253,https://zenodo.org/record/819253/files/finals_2017_06_190.tar.gz,-5168506.596309,,,,,-959561.548774,-566764.683171,
191,finals_2017_06_191,game_complete,3,1725,1724,cheyenne,2014-07-04,http://dx.doi.org/10.5281/zenodo.819255,https://zenodo.org/record/819255/files/finals_2017_06_191.tar.gz,,264583.567066,,,,-3250501.407940,-403757.333769,
192,finals_2017_06_192,game_complete,3,1329,1327,cheyenne,2013-09-20,http://dx.doi.org/10.5281/zenodo.819257,https://zenodo.org/record/819257/files/finals_2017_06_192.tar.gz,,,,,,-1656342.609862,-1053798.095149,-52634.319982
193,finals_2017_06_193,game_complete,3,1510,1509,cheyenne,2014-11-14,http://dx.doi.org/10.5281/zenodo.819259,https://zenodo.org/record/819259/files/finals_2017_06_193.tar.gz,-4892292.823540,,,-1460194.869310,-577794.641137,,,
194,finals_2017_06_194,game_complete,3,1370,1369,cheyenne,2013-07-06,http://dx.doi.org/10.5281/zenodo.819261,https://zenodo.org/record/819261/files/finals_2017_06_194.tar.gz,,300547.069749,,-6146445.306749,-1281176.072177,,,
195,finals_2017_06_195,game_complete,3,1402,1401,cheyenne,2014-02-12,http://dx.doi.org/10.5281/zenodo.819263,https://zenodo.org/record/819263/files/finals_2017_06_195.tar.gz,-3634924.988824,98035.486128,,,-147865.570935,,,
196,finals_2017_06_196,game_complete,3,1365,1364,cheyenne,2014-06-13,http://dx.doi.org/10.5281/zenodo.819265,https://zenodo.org/record/819265/files/finals_2017_06_196.tar.gz,,,,-6528012.667406,-712461.741737,,,-198506.882919
197,finals_2017_06_197,game_complete,3,1328,1326,cheyenne,2013-05-10,http://dx.doi.org/10.5281/zenodo.819267,https://zenodo.org/record/819267/files/finals_2017_06_197.tar.gz,-2464551.898475,,,,-262032.599605,,,0.000000
198,finals_2017_06_198,game_complete,3,1715,1714,cheyenne,2013-05-18,http://dx.doi.org/10.5281/zenodo.819269,https://zenodo.org/record/819269/files/finals_2017_06_198.tar.gz,,4150701.459497,,,-1969391.823642,,,1463292.797537
199,finals_2017_06_199,game_complete,3,1439,1438,cheyenne,2014-03-16,http://dx.doi.org/10.5281/zenodo.819271,https://zenodo.org/record/819271/files/finals_2017_06_199.tar.gz,,,,-6343776.651764,-977907.779870,,-17349.165127,
200,finals_2017_06_200,game_complete,3,1401,1399,cheyenne,2014-07-04,http://dx.doi.org/10.5281/zenodo.819273,https://zenodo.org/record/819273/files/finals_2017_06_200.tar.gz,-4521403.361814,,,,-96899.037828,,-886073.396735,
201,finals_2017_06_201,game_complete,3,1556,1555,cheyenne,2013-10-31,http://dx.doi.org/10.5281/zenodo.819275,https://zenodo.org/record/819275/files/finals_2017_06_201.tar.gz,,2010001.972397,,,-1092851.248961,,-566419.697121,
202,finals_2017_06_202,game_complete,3,1434,1432,cheyenne,2014-04-11,http://dx.doi.org/10.5281/zenodo.819277,https://zenodo.org/record/819277/files/finals_2017_06_202.tar.gz,,,,,-829901.169890,,-294483.725062,-12592.750731
203,finals_2017_06_203,game_complete,3,1547,1546,cheyenne,2013-06-01,http://dx.doi.org/10.5281/zenodo.819279,https://zenodo.org/record/819279/files/finals_2017_06_203.tar.gz,,,,-2523953.776232,-1252531.451442,-2878778.251002,,
204,finals_2017_06_204,game_complete,3,1362,1360,cheyenne,2014-09-30,http://dx.doi.org/10.5281/zenodo.819283,https://zenodo.org/record/819283/files/finals_2017_06_204.tar.gz,-6189572.060359,,,,-858094.623312,-1536631.193499,,
205,finals_2017_06_205,game_complete,3,1324,1322,cheyenne,2014-08-02,http://dx.doi.org/10.5281/zenodo.819285,https://zenodo.org/record/819285/files/finals_2017_06_205.tar.gz,,-482438.957599,,,-613555.133341,-1366417.526211,,
206,finals_2017_06_206,game_complete,3,1543,1542,cheyenne,2013-11-19,http://dx.doi.org/10.5281/zenodo.819287,https://zenodo.org/record/819287/files/finals_2017_06_206.tar.gz,,,,,-1314461.653807,-2000770.313078,,10239.229883
207,finals_2017_06_207,game_complete,3,1836,1835,cheyenne,2014-03-18,http://dx.doi.org/10.5281/zenodo.819289,https://zenodo.org/record/819289/files/finals_2017_06_207.tar.gz,,,,,-1110030.487313,-451973.062737,-601442.614655,
208,finals_2017_06_208,game_complete,3,1676,1675,cheyenne,2014-06-04,http://dx.doi.org/10.5281/zenodo.819291,https://zenodo.org/record/819291/files/finals_2017_06_208.tar.gz,-5592905.325812,,-28541.711232,0.000000,,,,
209,finals_2017_06_209,game_complete,3,1380,1379,cheyenne,2013-08-20,http://dx.doi.org/10.5281/zenodo.819293,https://zenodo.org/record/819293/files/finals_2017_06_209.tar.gz,,291646.469785,23870.455481,-6039161.233307,,,,
210,finals_2017_06_210,game_complete,3,1478,1476,cheyenne,2013-05-04,http://dx.doi.org/10.5281/zenodo.819295,https://zenodo.org/record/819295/files/finals_2017_06_210.tar.gz,-2654503.487929,345731.842560,-151556.275262,,,,,
211,finals_2017_06_211,game_complete,3,1549,1547,cheyenne,2014-11-20,http://dx.doi.org/10.5281/zenodo.819297,https://zenodo.org/record/819297/files/finals_2017_06_211.tar.gz,,,-20259.270410,-8714118.114233,,,,-8064.472852
212,finals_2017_06_212,game_complete,3,1346,1345,cheyenne,2014-04-08,http://dx.doi.org/10.5281/zenodo.819299,https://zenodo.org/record/819299/files/finals_2017_06_212.tar.gz,-3408232.802878,,-202026.404449,,,,,-4561.044935
213,finals_2017_06_213,game_complete,3,1480,1479,cheyenne,2014-07-21,http://dx.doi.org/10.5281/zenodo.819301,https://zenodo.org/record/819301/files/finals_2017_06_213.tar.gz,,8825473.389065,510549.823166,,,,,0.000000
214,finals_2017_06_214,game_complete,3,1612,1611,cheyenne,2014-04-30,http://dx.doi.org/10.5281/zenodo.819303,https://zenodo.org/record/819303/files/finals_2017_06_214.tar.gz,,,-63508.053530,0.000000,,,441519.852830,
215,finals_2017_06_215,game_complete,3,1378,1377,cheyenne,2014-02-16,http://dx.doi.org/10.5281/zenodo.819307,https://zenodo.org/record/819307/files/finals_2017_06_215.tar.gz,-3110450.712578,,-235118.356913,,,,-1297808.666165,
216,finals_2017_06_216,game_complete,3,1417,1416,cheyenne,2013-10-13,http://dx.doi.org/10.5281/zenodo.819309,https://zenodo.org/record/819309/files/finals_2017_06_216.tar.gz,,852706.048204,-312061.603383,,,,-760535.771857,
217,finals_2017_06_217,game_complete,3,1423,1422,cheyenne,2013-11-22,http://dx.doi.org/10.5281/zenodo.819311,https://zenodo.org/record/819311/files/finals_2017_06_217.tar.gz,,,106285.659044,,,,-2208319.636123,-1111863.155086
218,finals_2017_06_218,game_complete,3,1505,1503,cheyenne,2014-02-12,http://dx.doi.org/10.5281/zenodo.819313,https://zenodo.org/record/819313/files/finals_2017_06_218.tar.gz,,,-232350.199320,-2023010.091988,,-1678219.813404,,
219,finals_2017_06_219,game_complete,3,1325,1324,cheyenne,2013-08-16,http://dx.doi.org/10.5281/zenodo.819319,https://zenodo.org/record/819319/files/finals_2017_06_219.tar.gz,-7383438.992662,,-115322.727094,,,-1065816.816902,,
220,finals_2017_06_220,game_complete,3,1339,1338,cheyenne,2013-10-21,http://dx.doi.org/10.5281/zenodo.819321,https://zenodo.org/record/819321/files/finals_2017_06_220.tar.gz,,-691538.633168,-96902.813651,,,-1274461.848353,,
221,finals_2017_06_221,game_complete,3,1448,1447,cheyenne,2013-09-28,http://dx.doi.org/10.5281/zenodo.819323,https://zenodo.org/record/819323/files/finals_2017_06_221.tar.gz,,,3859.466780,,,-1788050.075508,,1240.069234
222,finals_2017_06_222,game_complete,3,1324,1322,cheyenne,2014-12-20,http://dx.doi.org/10.5281/zenodo.819327,https://zenodo.org/record/819327/files/finals_2017_06_222.tar.gz,,,-294656.429547,,,917245.890856,748386.051794,
223,finals_2017_06_223,game_complete,3,1387,1385,cheyenne,2013-06-22,http://dx.doi.org/10.5281/zenodo.819329,https://zenodo.org/record/819329/files/finals_2017_06_223.tar.gz,,,-156640.631467,-7229299.053315,-1068779.445443,,,
224,finals_2017_06_224,game_complete,3,1624,1623,cheyenne,2014-09-16,http://dx.doi.org/10.5281/zenodo.819331,https://zenodo.org/record/819331/files/finals_2017_06_224.tar.gz,-7692633.004713,,-155210.067017,,-495087.389459,,,
225,finals_2017_06_225,game_complete,3,1388,1386,cheyenne,2014-01-28,http://dx.doi.org/10.5281/zenodo.819333,https://zenodo.org/record/819333/files/finals_2017_06_225.tar.gz,,2322306.639540,93184.460015,,-2340727.646116,,,
226,finals_2017_06_226,game_complete,3,1506,1505,cheyenne,2014-02-18,http://dx.doi.org/10.5281/zenodo.819335,https://zenodo.org/record/819335/files/finals_2017_06_226.tar.gz,,,5029422.018247,,-4222113.272623,,,0.000000
227,finals_2017_06_227,game_complete,3,1497,1496,cheyenne,2014-10-03,http://dx.doi.org/10.5281/zenodo.819337,https://zenodo.org/record/819337/files/finals_2017_06_227.tar.gz,,,-160019.484754,,-9208391.367144,,-1066568.312113,
228,finals_2017_06_228,game_complete,3,1414,1412,cheyenne,2013-06-04,http://dx.doi.org/10.5281/zenodo.819339,https://zenodo.org/record/819339/files/finals_2017_06_228.tar.gz,,,-138284.605786,,-1383689.105437,-2179917.129030,,
229,finals_2017_06_229,game_complete,3,1323,1322,cheyenne,2013-06-26,http://dx.doi.org/10.5281/zenodo.819345,https://zenodo.org/record/819345/files/finals_2017_06_229.tar.gz,-4196743.690323,-44806.625968,,-1509454.472264,,,,
230,finals_2017_06_230,game_complete,3,1400,1399,cheyenne,2014-06-14,http://dx.doi.org/10.5281/zenodo.819347,https://zenodo.org/record/819347/files/finals_2017_06_230.tar.gz,-5132958.362221,,,-1562702.268308,,,,-7535.276060
231,finals_2017_06_231,game_complete,3,1327,1326,cheyenne,2014-04-26,http://dx.doi.org/10.5281/zenodo.819349,https://zenodo.org/record/819349/files/finals_2017_06_231.tar.gz,,2588488.133196,,-1117273.616083,,,,-15340.287114
232,finals_2017_06_232,game_complete,3,1378,1377,cheyenne,2013-04-21,http://dx.doi.org/10.5281/zenodo.819353,https://zenodo.org/record/819353/files/finals_2017_06_232.tar.gz,-894358.153768,62582.583825,,,,,,-4282.645085
233,finals_2017_06_233,game_complete,3,1407,1406,cheyenne,2014-02-07,http://dx.doi.org/10.5281/zenodo.819355,https://zenodo.org/record/819355/files/finals_2017_06_233.tar.gz,-4060166.828133,,,0.000000,,,-906452.395790,
234,finals_2017_06_234,game_complete,3,1407,1405,cheyenne,2013-12-08,http://dx.doi.org/10.5281/zenodo.819357,https://zenodo.org/record/819357/files/finals_2017_06_234.tar.gz,,185051.036664,,-7136194.656490,,,-201366.145477,
235,finals_2017_06_235,game_complete,3,1561,1560,cheyenne,2014-02-03,http://dx.doi.org/10.5281/zenodo.819359,https://zenodo.org/record/819359/files/finals_2017_06_235.tar.gz,-3994629.940418,-73358.716582,,,,,-2021880.869801,
236,finals_2017_06_236,game_complete,3,1323,1322,cheyenne,2014-02-10,http://dx.doi.org/10.5281/zenodo.819361,https://zenodo.org/record/819361/files/finals_2017_06_236.tar.gz,,,,0.000000,,,-805761.872943,95081.202643
237,finals_2017_06_237,game_complete,3,1534,1532,cheyenne,2014-09-26,http://dx.doi.org/10.5281/zenodo.819367,https://zenodo.org/record/819367/files/finals_2017_06_237.tar.gz,-5544565.680692,,,,,,-1183561.059877,-7831.368874
238,finals_2017_06_238,game_complete,3,1323,1322,cheyenne,2013-06-17,http://dx.doi.org/10.5281/zenodo.819371,https://zenodo.org/record/819371/files/finals_2017_06_238.tar.gz,,2864164.717530,,,,,-761522.829047,-216103.804195
239,finals_2017_06_239,game_complete,3,1352,1350,cheyenne,2013-05-09,http://dx.doi.org/10.5281/zenodo.819373,https://zenodo.org/record/819373/files/finals_2017_06_239.tar.gz,-2417182.089291,,,0.000000,,-160512.741495,,
240,finals_2017_06_240,game_complete,3,1355,1354,cheyenne,2014-07-18,http://dx.doi.org/10.5281/zenodo.819375,https://zenodo.org/record/819375/files/finals_2017_06_240.tar.gz,,-99812.282217,,-2794986.855970,,-535538.260322,,
241,finals_2017_06_241,game_complete,3,1474,1472,cheyenne,2013-04-15,http://dx.doi.org/10.5281/zenodo.819377,https://zenodo.org/record/819377/files/finals_2017_06_241.tar.gz,-1618716.789293,-142401.726122,,,,-1251424.647597,,
242,finals_2017_06_242,game_complete,3,1388,1386,cheyenne,2013-12-31,http://dx.doi.org/10.5281/zenodo.819379,https://zenodo.org/record/819379/files/finals_2017_06_242.tar.gz,,,,-235160.763557,,-435367.668958,,13677.524005
243,finals_2017_06_243,game_complete,3,1522,1521,cheyenne,2014-01-29,http://dx.doi.org/10.5281/zenodo.819381,https://zenodo.org/record/819381/files/finals_2017_06_243.tar.gz,-1266146.787271,,,,,-175440.293098,,-2537.889621
244,finals_2017_06_244,game_complete,3,1451,1450,cheyenne,2014-09-01,http://dx.doi.org/10.5281/zenodo.819383,https://zenodo.org/record/819383/files/finals_2017_06_244.tar.gz,,222498.058940,,,,-457375.376226,,0.000000
245,finals_2017_06_245,game_complete,3,1357,1355,cheyenne,2013-12-05,http://dx.doi.org/10.5281/zenodo.819387,https://zenodo.org/record/819387/files/finals_2017_06_245.tar.gz,,,,0.000000,,71445.134814,-1823779.343607,
246,finals_2017_06_246,game_complete,3,1325,1323,cheyenne,2013-10-20,http://dx.doi.org/10.5281/zenodo.819389,https://zenodo.org/record/819389/files/finals_2017_06_246.tar.gz,-5263807.128285,,,,,-718210.891487,-549211.114327,
247,finals_2017_06_247,game_complete,3,1443,1441,cheyenne,2013-12-22,http://dx.doi.org/10.5281/zenodo.819391,https://zenodo.org/record/819391/files/finals_2017_06_247.tar.gz,,1375213.047470,,,,153322.557664,311022.446174,
248,finals_2017_06_248,game_complete,3,1453,1451,cheyenne,2014-11-04,http://dx.doi.org/10.5281/zenodo.819393,https://zenodo.org/record/819393/files/finals_2017_06_248.tar.gz,,,,,,788934.468421,-1061882.693874,-141187.595172
249,finals_2017_06_249,game_complete,3,1324,1322,cheyenne,2013-10-06,http://dx.doi.org/10.5281/zenodo.819395,https://zenodo.org/record/819395/files/finals_2017_06_249.tar.gz,-5108368.775368,,,-73171.021858,-377142.105625,,,
250,finals_2017_06_250,game_complete,3,1592,1590,cheyenne,2014-06-12,http://dx.doi.org/10.5281/zenodo.819397,https://zenodo.org/record/819397/files/finals_2017_06_250.tar.gz,,350947.660420,,-6096183.559121,-304122.586506,,,
251,finals_2017_06_251,game_complete,3,1337,1335,cheyenne,2014-09-16,http://dx.doi.org/10.5281/zenodo.819399,https://zenodo.org/record/819399/files/finals_2017_06_251.tar.gz,-6702106.226556,81131.323488,,,-13449.644882,,,
252,finals_2017_06_252,game_complete,3,1344,1343,cheyenne,2013-05-18,http://dx.doi.org/10.5281/zenodo.819401,https://zenodo.org/record/819401/files/finals_2017_06_252.tar.gz,,,,-3147598.749759,-1250187.103280,,,-4295.535504
253,finals_2017_06_253,game_complete,3,1567,1566,cheyenne,2014-03-19,http://dx.doi.org/10.5281/zenodo.819403,https://zenodo.org/record/819403/files/finals_2017_06_253.tar.gz,-3200520.639129,,,,-677671.693962,,,-4005.292706
254,finals_2017_06_254,game_complete,3,1362,1361,cheyenne,2013-10-18,http://dx.doi.org/10.5281/zenodo.819405,https://zenodo.org/record/819405/files/finals_2017_06_254.tar.gz,,6382652.536767,,,-1606530.244229,,,0.000000
255,finals_2017_06_255,game_complete,3,1415,1414,cheyenne,2013-10-01,http://dx.doi.org/10.5281/zenodo.819409,https://zenodo.org/record/819409/files/finals_2017_06_255.tar.gz,,,,0.000000,-1115522.363543,,-4004340.759509,
256,finals_2017_06_256,game_complete,3,1641,1640,cheyenne,2014-05-03,http://dx.doi.org/10.5281/zenodo.819411,https://zenodo.org/record/819411/files/finals_2017_06_256.tar.gz,-1343162.633933,,,,-1538754.118613,,-735799.433098,
257,finals_2017_06_257,game_complete,3,1466,1465,cheyenne,2013-07-26,http://dx.doi.org/10.5281/zenodo.819413,https://zenodo.org/record/819413/files/finals_2017_06_257.tar.gz,,531436.266709,,,-1213330.308974,,-682311.387367,
258,finals_2017_06_258,game_complete,3,1417,1416,cheyenne,2013-04-14,http://dx.doi.org/10.5281/zenodo.819415,https://zenodo.org/record/819415/files/finals_2017_06_258.tar.gz,,,,,-1205119.544601,,-485682.270883,-7694.497652
259,finals_2017_06_259,game_complete,3,1382,1380,cheyenne,2013-07-13,http://dx.doi.org/10.5281/zenodo.819417,https://zenodo.org/record/819417/files/finals_2017_06_259.tar.gz,,,,-3523103.888587,-541393.948758,-1340091.371556,,
260,finals_2017_06_260,game_complete,3,1362,1361,cheyenne,2013-08-24,http://dx.doi.org/10.5281/zenodo.819419,https://zenodo.org/record/819419/files/finals_2017_06_260.tar.gz,-6735330.140698,,,,-281722.868485,-1309582.184546,,
261,finals_2017_06_261,game_complete,3,1524,1523,cheyenne,2014-07-17,http://dx.doi.org/10.5281/zenodo.819657,https://zenodo.org/record/819657/files/finals_2017_06_261.tar.gz,,-392738.752448,,,-871414.914117,-589977.434183,,
262,finals_2017_06_262,game_complete,3,1348,1346,cheyenne,2014-10-16,http://dx.doi.org/10.5281/zenodo.819659,https://zenodo.org/record/819659/files/finals_2017_06_262.tar.gz,,,,,-1628112.580988,-2422571.442958,,5165.153262
263,finals_2017_06_263,game_complete,3,1377,1376,cheyenne,2013-09-03,http://dx.doi.org/10.5281/zenodo.819661,https://zenodo.org/record/819661/files/finals_2017_06_263.tar.gz,,,,,-1072906.439463,-3786608.307185,-970510.300708,
264,finals_2017_06_264,game_complete,3,1361,1360,cheyenne,2014-04-22,http://dx.doi.org/10.5281/zenodo.819663,https://zenodo.org/record/819663/files/finals_2017_06_264.tar.gz,-1773613.947276,,-88948.900322,-1362529.721071,,,,
265,finals_2017_06_265,game_complete,3,1434,1432,cheyenne,2014-08-30,http://dx.doi.org/10.5281/zenodo.819667,https://zenodo.org/record/819667/files/finals_2017_06_265.tar.gz,,7087368.342470,221050.649127,0.000000,,,,
266,finals_2017_06_266,game_complete,3,1353,1351,cheyenne,2014-06-23,http://dx.doi.org/10.5281/zenodo.819669,https://zenodo.org/record/819669/files/finals_2017_06_266.tar.gz,-4847180.314412,364606.642842,-109045.860136,,,,,
267,finals_2017_06_267,game_complete,3,1331,1329,cheyenne,2013-11-14,http://dx.doi.org/10.5281/zenodo.819671,https://zenodo.org/record/819671/files/finals_2017_06_267.tar.gz,,,-49948.372777,-7275890.907334,,,,13347.828760
268,finals_2017_06_268,game_complete,3,1689,1688,cheyenne,2013-06-10,http://dx.doi.org/10.5281/zenodo.819673,https://zenodo.org/record/819673/files/finals_2017_06_268.tar.gz,-5873980.391507,,-187957.012822,,,,,0.000000
269,finals_2017_06_269,game_complete,3,1467,1466,cheyenne,2014-03-02,http://dx.doi.org/10.5281/zenodo.819675,https://zenodo.org/record/819675/files/finals_2017_06_269.tar.gz,,7405900.514412,776858.784151,,,,,539094.931564
270,finals_2017_06_270,game_complete,3,1333,1331,cheyenne,2013-06-27,http://dx.doi.org/10.5281/zenodo.819677,https://zenodo.org/record/819677/files/finals_2017_06_270.tar.gz,,,17759.161469,0.000000,,,-3255148.504876,
271,finals_2017_06_271,game_complete,3,1373,1372,cheyenne,2013-04-25,http://dx.doi.org/10.5281/zenodo.819679,https://zenodo.org/record/819679/files/finals_2017_06_271.tar.gz,-874320.871253,,-193562.415960,,,,-1170443.241289,
272,finals_2017_06_272,game_complete,3,1346,1345,cheyenne,2014-08-21,http://dx.doi.org/10.5281/zenodo.819683,https://zenodo.org/record/819683/files/finals_2017_06_272.tar.gz,,1619358.959467,-803747.729995,,,,216243.097717,
273,finals_2017_06_273,game_complete,3,1325,1323,cheyenne,2013-08-18,http://dx.doi.org/10.5281/zenodo.819685,https://zenodo.org/record/819685/files/finals_2017_06_273.tar.gz,,,58533.746029,,,,-4618703.604079,-81749.433026
274,finals_2017_06_274,game_complete,3,1407,1406,cheyenne,2013-06-20,http://dx.doi.org/10.5281/zenodo.819687,https://zenodo.org/record/819687/files/finals_2017_06_274.tar.gz,,,-151771.051161,-2841236.672212,,-880169.332482,,
275,finals_2017_06_275,game_complete,3,1390,1389,cheyenne,2014-02-10,http://dx.doi.org/10.5281/zenodo.819689,https://zenodo.org/record/819689/files/finals_2017_06_275.tar.gz,-4437591.910076,,-60481.968760,,,-1209261.556731,,
276,finals_2017_06_276,game_complete,3,1353,1352,cheyenne,2014-06-14,http://dx.doi.org/10.5281/zenodo.819691,https://zenodo.org/record/819691/files/finals_2017_06_276.tar.gz,,1018450.585731,-179725.699144,,,443203.103323,,
277,finals_2017_06_277,game_complete,3,1822,1821,cheyenne,2014-03-05,http://dx.doi.org/10.5281/zenodo.819693,https://zenodo.org/record/819693/files/finals_2017_06_277.tar.gz,,,-5533470.314666,,,-2260822.921416,,0.000000
278,finals_2017_06_278,game_complete,3,1349,1347,cheyenne,2014-03-09,http://dx.doi.org/10.5281/zenodo.819695,https://zenodo.org/record/819695/files/finals_2017_06_278.tar.gz,,,-162062.734205,,,-566047.673682,119786.418421,
279,finals_2017_06_279,game_complete,3,1376,1375,cheyenne,2013-09-22,http://dx.doi.org/10.5281/zenodo.819697,https://zenodo.org/record/819697/files/finals_2017_06_279.tar.gz,,,-225483.197953,-7243874.819636,-1824113.206688,,,
280,finals_2017_06_280,game_complete,3,1354,1353,cheyenne,2013-11-17,http://dx.doi.org/10.5281/zenodo.819699,https://zenodo.org/record/819699/files/finals_2017_06_280.tar.gz,-6106187.492858,,-123729.106405,,-736439.103333,,,
281,finals_2017_06_281,game_complete,3,1399,1397,cheyenne,2014-04-16,http://dx.doi.org/10.5281/zenodo.819701,https://zenodo.org/record/819701/files/finals_2017_06_281.tar.gz,,920470.533868,-40592.108762,,-70349.712049,,,
282,finals_2017_06_282,game_complete,3,1571,1570,cheyenne,2013-08-08,http://dx.doi.org/10.5281/zenodo.819703,https://zenodo.org/record/819703/files/finals_2017_06_282.tar.gz,,,3543584.410663,,-3869213.682825,,,0.000000
283,finals_2017_06_283,game_complete,3,1327,1325,cheyenne,2013-12-21,http://dx.doi.org/10.5281/zenodo.819705,https://zenodo.org/record/819705/files/finals_2017_06_283.tar.gz,,,-46725.481746,,-3535199.845415,,-1493993.999161,
284,finals_2017_06_284,game_complete,3,1410,1409,cheyenne,2013-04-18,http://dx.doi.org/10.5281/zenodo.819707,https://zenodo.org/record/819707/files/finals_2017_06_284.tar.gz,,,-7906.377278,,270376.323198,4019780.051023,,
